{
	"format_version": "1.8.0",
	"animations": {
		"animation.glowbug_jar.idle": {
			"loop": true,
			"animation_length": 14,
			"bones": {
				"abdomen": {
					"rotation": {
						"vector": [0, -25, 0]
					},
					"position": {
						"vector": [0, -0.5, 0.75]
					},
					"scale": {
						"vector": [0.8, 0.8, 0.8]
					}
				},
				"neck": {
					"rotation": {
						"0.0": {
							"vector": [0, 0, 0]
						},
						"3.75": {
							"vector": [0, 0, 0]
						},
						"4.0": {
							"vector": [-20.62685, 22.18947, -1.84486]
						},
						"5.25": {
							"vector": [-20.62685, 22.18947, -1.84486]
						},
						"5.5": {
							"vector": [0, 0, 0]
						},
						"10.0": {
							"vector": [0, 0, 0]
						},
						"10.25": {
							"vector": [7.38995, -17.52107, 0.34208]
						},
						"11.5": {
							"vector": [7.38995, -17.52107, 0.34208]
						},
						"11.75": {
							"vector": [0, 0, 0]
						}
					}
				},
				"leftantenna": {
					"rotation": {
						"0.0": {
							"vector": [0, 0, 0]
						},
						"1.5": {
							"vector": [0, 0, 0]
						},
						"1.5833": {
							"vector": [10, 10, -10]
						},
						"1.6667": {
							"vector": [0, 0, 0]
						},
						"4.25": {
							"vector": [0, 0, 0]
						},
						"4.3333": {
							"vector": [-10, 10, -10]
						},
						"4.4167": {
							"vector": [0, 0, 0]
						},
						"5.5": {
							"vector": [0, 0, 0]
						},
						"5.5833": {
							"vector": [10, 10, -10]
						},
						"5.6667": {
							"vector": [0, 0, 0]
						},
						"7.0": {
							"vector": [0, 0, 0]
						},
						"7.0833": {
							"vector": [-10, 10, -10]
						},
						"7.1667": {
							"vector": [0, 0, 0]
						},
						"9.625": {
							"vector": [0, 0, 0]
						},
						"9.7083": {
							"vector": [10, 10, -10]
						},
						"9.7917": {
							"vector": [0, 0, 0]
						},
						"11.875": {
							"vector": [0, 0, 0]
						},
						"11.9583": {
							"vector": [-10, 10, -10]
						},
						"12.0417": {
							"vector": [0, 0, 0]
						},
						"13.8333": {
							"vector": [0, 0, 0]
						},
						"13.9167": {
							"vector": [10, 10, -10]
						},
						"14.0": {
							"vector": [0, 0, 0]
						}
					}
				},
				"rightantenna": {
					"rotation": {
						"0.0": {
							"vector": [0, 0, 0]
						},
						"2.2083": {
							"vector": [0, 0, 0]
						},
						"2.2917": {
							"vector": [10, -10, 10]
						},
						"2.375": {
							"vector": [0, 0, 0]
						},
						"4.0": {
							"vector": [0, 0, 0]
						},
						"4.0833": {
							"vector": [-10, 10, 10]
						},
						"4.1667": {
							"vector": [0, 0, 0]
						},
						"9.125": {
							"vector": [0, 0, 0]
						},
						"9.2083": {
							"vector": [10, 10, 10]
						},
						"9.2917": {
							"vector": [0, 0, 0]
						},
						"12.0417": {
							"vector": [0, 0, 0]
						},
						"12.125": {
							"vector": [-10, 10, 10]
						},
						"12.2083": {
							"vector": [0, 0, 0]
						},
						"12.9167": {
							"vector": [0, 0, 0]
						},
						"13.0": {
							"vector": [10, 10, 10]
						},
						"13.0833": {
							"vector": [0, 0, 0]
						}
					}
				}
			}
		}
	},
	"geckolib_format_version": 2
}